year,player_id,last_name,first_name,batting_hand,throwing_hand,team_abbr_1,position
2017,alvaj003,Alvarez,Jose,L,L,ANA,P
2017,baila001,Bailey,Andrew,R,R,ANA,P
2017,bedrc001,Bedrosian,Cam,R,R,ANA,P
2017,bridp001,Bridwell,Parker,R,R,ANA,P
2017,calhk001,Calhoun,Kole,L,L,ANA,OF
2017,chavj001,Chavez,Jesse,R,R,ANA,P
2017,cowak001,Cowart,Kaleb,B,R,ANA,3B
2017,cronc002,Cron,C.J.,R,R,ANA,1B
2017,escoy001,Escobar,Yunel,R,R,ANA,3B
2017,espid001,Espinosa,Danny,B,R,ANA,2B
2017,florr003,Flores,Ramon,L,L,ANA,OF
2017,fontn001,Fontana,Nolan,L,R,ANA,SS
2017,frann001,Franklin,Nick,B,R,ANA,2B
2017,gratj001,Graterol,Juan,R,R,ANA,C
2017,guerd001,Guerra,Deolis,R,R,ANA,P
2017,gurkj001,Gurka,Jason,L,L,ANA,P
2017,heana001,Heaney,Andrew,L,L,ANA,P
2017,hernd002,Hernandez,David,R,R,ANA,P
2017,magnd001,Magnifico,Damien,R,R,ANA,P
2017,maldm001,Maldonado,Martin,R,R,ANA,C
2017,martj007,Marte,Jefry,R,R,ANA,1B
2017,maybc001,Maybin,Cameron,R,R,ANA,OF
2017,meyea001,Meyer,Alex,R,R,ANA,P
2017,middk001,Middleton,Keynan,R,R,ANA,P
2017,morim002,Morin,Mike,R,R,ANA,P
2017,nolar001,Nolasco,Ricky,R,R,ANA,P
2017,norrb001,Norris,Bud,R,R,ANA,P
2017,paree001,Paredes,Eduardo,R,R,ANA,P
2017,parkb001,Parker,Blake,R,R,ANA,P
2017,pennc001,Pennington,Cliff,B,R,ANA,2B
2017,perec003,Perez,Carlos,R,R,ANA,C
2017,petiy001,Petit,Yusmeiro,R,R,ANA,P
2017,philb001,Phillips,Brandon,R,R,ANA,2B
2017,pounb001,Pounders,Brooks,R,R,ANA,P
2017,puelc001,Puello,Cesar,R,R,ANA,OF
2017,pujoa001,Pujols,Albert,R,R,ANA,1B
2017,ramij002,Ramirez,J.C.,R,R,ANA,P
2017,ramin002,Ramirez,Noe,R,R,ANA,P
2017,reveb001,Revere,Ben,L,R,ANA,OF
2017,richg002,Richards,Garrett,R,R,ANA,P
2017,robis001,Robinson,Shane,R,R,ANA,OF
2017,salaf001,Salas,Fernando,R,R,ANA,P
2017,scrit001,Scribner,Troy,R,R,ANA,P
2017,shoem001,Shoemaker,Matt,R,R,ANA,P
2017,simma001,Simmons,Andrelton,R,R,ANA,SS
2017,skagt001,Skaggs,Tyler,L,L,ANA,P
2017,streh001,Street,Huston,R,R,ANA,P
2017,troum001,Trout,Mike,R,R,ANA,OF
2017,uptoj001,Upton,Justin,R,R,ANA,OF
2017,valbl001,Valbuena,Luis,L,R,ANA,3B
2017,valdj003,Valdez,Jose,R,R,ANA,P
2017,woodb004,Wood,Blake,R,R,ANA,P
2017,wrigd003,Wright,Daniel,R,R,ANA,P
2017,yatek001,Yates,Kirby,L,R,ANA,P
2017,youne003,Young,Eric,B,R,ANA,OF
2017,ahmen001,Ahmed,Nick,R,R,ARI,SS
2017,banda001,Banda,Anthony,L,L,ARI,P
2017,barrj002,Barrett,Jake,R,R,ARI,P
2017,blang001,Blanco,Gregor,L,L,ARI,OF
2017,bracs001,Bracho,Silvino,R,R,ARI,P
2017,brada001,Bradley,Archie,R,R,ARI,P
2017,chafa001,Chafin,Andrew,R,L,ARI,P
2017,corbp001,Corbin,Patrick,L,L,ARI,P
2017,delaj001,de la Rosa,Jorge,L,L,ARI,P
2017,delar003,de la Rosa,Rubby,R,R,ARI,P
2017,delgr001,Delgado,Randall,R,R,ARI,P
2017,descd001,Descalso,Daniel,L,R,ARI,SS
2017,drurb001,Drury,Brandon,R,R,ARI,3B
2017,fuenr001,Fuentes,Reymond,L,L,ARI,OF
2017,godlz001,Godley,Zack,R,R,ARI,P
2017,goldp001,Goldschmidt,Paul,R,R,ARI,1B
2017,greiz001,Greinke,Zack,R,R,ARI,P
2017,hazej001,Hazelbaker,Jeremy,L,R,ARI,OF
2017,hernd002,Hernandez,David,R,R,ARI,P
2017,herrc001,Herrmann,Chris,L,R,ARI,C
2017,hoovj002,Hoover,J.J.,R,R,ARI,P
2017,iannc001,Iannetta,Chris,R,R,ARI,C
2017,kochm001,Koch,Matt,L,R,ARI,P
2017,lambj001,Lamb,Jake,L,R,ARI,3B
2017,martk001,Marte,Ketel,B,R,ARI,SS
2017,martj006,Martinez,J.D.,R,R,ARI,OF
2017,mathj001,Mathis,Jeff,R,R,ARI,C
2017,mcfat001,McFarland,T.J.,L,L,ARI,P
2017,mills001,Miller,Shelby,R,R,ARI,P
2017,murpj001,Murphy,John Ryan,R,R,ARI,C
2017,negrk001,Negron,Kristopher,R,R,ARI,OF
2017,owinc001,Owings,Chris,R,R,ARI,2B
2017,perad001,Peralta,David,L,L,ARI,OF
2017,polla001,Pollock,A.J.,R,R,ARI,OF
2017,ray-r002,Ray,Robbie,L,L,ARI,P
2017,reinj001,Reinheimer,Jack,R,R,ARI,SS
2017,rodnf001,Rodney,Fernando,R,R,ARI,P
2017,rosaa001,Rosales,Adam,R,R,ARI,1B
2017,sherj001,Sherfy,Jimmie,R,R,ARI,P
2017,shipb001,Shipley,Braden,R,R,ARI,P
2017,tomay001,Tomas,Yasmany,R,R,ARI,OF
2017,vargi001,Vargas,Ildemaro,B,R,ARI,2B
2017,walkc002,Walker,Christian,R,R,ARI,1B
2017,walkt004,Walker,Taijuan,R,R,ARI,P
2017,wilht001,Wilhelmsen,Tom,R,R,ARI,P
2017,adaml001,Adams,Lane,R,R,ATL,OF
2017,adamm002,Adams,Matt,L,R,ATL,1B
2017,albio001,Albies,Ozzie,B,R,ATL,2B
2017,blaia001,Blair,Aaron,R,R,ATL,P
2017,bonie001,Bonifacio,Emilio,B,R,ATL,2B
2017,brotr001,Brothers,Rex,L,L,ATL,P
2017,camaj001,Camargo,Johan,B,R,ATL,SS
2017,collj001,Collmenter,Josh,R,R,ATL,P
2017,colob001,Colon,Bartolo,R,R,ATL,P
2017,darnc001,d'Arnaud,Chase,R,R,ATL,SS
2017,dickr001,Dickey,R.A.,R,R,ATL,P
2017,flowt001,Flowers,Tyler,R,R,ATL,C
2017,foltm001,Foltynewicz,Mike,R,R,ATL,P
2017,freef001,Freeman,Freddie,L,R,ATL,1B
2017,frees001,Freeman,Sam,R,L,ATL,P
2017,freid001,Freitas,David,R,R,ATL,C
2017,friem001,Fried,Max,L,L,ATL,P
2017,garca004,Garcia,Adonis,R,R,ATL,3B
2017,garcj004,Garcia,Jaime,L,L,ATL,P
2017,gohal001,Gohara,Luiz,L,L,ATL,P
2017,hursj004,Hursh,Jason,R,R,ATL,P
2017,incie001,Inciarte,Ender,L,L,ATL,OF
2017,jackl001,Jackson,Luke,R,R,ATL,P
2017,johnj010,Johnson,Jim,R,R,ATL,P
2017,johnm006,Johnson,Micah,L,R,ATL,2B
2017,kempm001,Kemp,Matt,R,R,ATL,OF
2017,kroli001,Krol,Ian,L,L,ATL,P
2017,markn001,Markakis,Nick,L,L,ATL,OF
2017,minta001,Minter,A.J.,L,L,ATL,P
2017,morra001,Morris,Akeel,R,R,ATL,P
2017,mottj001,Motte,Jason,R,R,ATL,P
2017,newcs001,Newcomb,Sean,L,L,ATL,P
2017,oflae001,O'Flaherty,Eric,L,L,ATL,P
2017,petej002,Peterson,Jace,L,R,ATL,2B
2017,philb001,Phillips,Brandon,R,R,ATL,2B
2017,ramij004,Ramirez,Jose,R,R,ATL,P
2017,recka001,Recker,Anthony,R,R,ATL,C
2017,rodrs002,Rodriguez,Sean,R,R,ATL,1B
2017,roe-c001,Roe,Chaz,R,R,ATL,P
2017,ruizr002,Ruiz,Rio,L,R,ATL,3B
2017,sanct001,Sanchez,Tony,R,R,ATL,C
2017,santd001,Santana,Danny,B,R,ATL,OF
2017,simsl001,Sims,Lucas,R,R,ATL,P
2017,suzuk001,Suzuki,Kurt,R,R,ATL,C
2017,swand001,Swanson,Dansby,R,R,ATL,SS
2017,tehej001,Teheran,Julio,R,R,ATL,P
2017,vizca001,Vizcaino,Arodys,R,R,ATL,P
2017,winkd001,Winkler,Daniel,R,R,ATL,P 
2017,wislm001,Wisler,Matt,R,R,ATL,P 
2017,aquij001,Aquino,Jayson,L,L,BAL,P
2017,alvap001,Alvarez,Pedro,L,R,BAL,1B
2017,ashea001,Asher,Alec,R,R,BAL,P
2017,beckt001,Beckham,Tim,R,R,BAL,2B
2017,bleir001,Bleier,Richard,L,L,BAL,P
2017,bracb001,Brach,Brad,R,R,BAL,P
2017,britz001,Britton,Zach,L,L,BAL,P
2017,bundd001,Bundy,Dylan,B,R,BAL,P
2017,castw002,Castillo,Welington,R,R,BAL,C
2017,castm002,Castro,Miguel,R,R,BAL,P
2017,crics001,Crichton,Stefan,R,R,BAL,P
2017,davic003,Davis,Chris,L,R,BAL,1B
2017,drako001,Drake,Oliver,R,R,BAL,P
2017,flahr001,Flaherty,Ryan,L,R,BAL,2B
2017,gausk001,Gausman,Kevin,L,R,BAL,P
2017,gentc001,Gentry,Craig,R,R,BAL,OF
2017,giavj001,Giavotella,Johnny,R,R,BAL,2B
2017,givem001,Givens,Mychal,R,R,BAL,P
2017,hardj003,Hardy,J.J.,R,R,BAL,SS
2017,hartd002,Hart,Donnie,L,L,BAL,P
2017,haysa001,Hays,Austin,R,R,BAL,OF
2017,hellj001,Hellickson,Jeremy,R,R,BAL,P
2017,jacke001,Jackson,Edwin,R,R,BAL,P
2017,janip001,Janish,Paul,R,R,BAL,SS
2017,jimeu001,Jimenez,Ubaldo,R,R,BAL,P
2017,josec002,Joseph,Caleb,R,R,BAL,C
2017,jonea003,Jones,Adam,R,R,BAL,OF
2017,kim-h001,Kim,Hyun Soo,L,R,BAL,OF
2017,machm001,Machado,Manny,R,R,BAL,3B
2017,manct001,Mancini,Trey,R,R,BAL,1B
2017,milew001,Miley,Wade,L,L,BAL,P
2017,nunov001,Nuno,Vidal,L,L,BAL,P
2017,odayd001,O'Day,Darren,R,R,BAL,P
2017,penaf001,Pena,Francisco,R,R,BAL,C
2017,rickj001,Rickard,Joey,R,L,BAL,OF
2017,rodrr008,Rodriguez,Richard,R,R,BAL,P
2017,santa003,Santander,Anthony,B,R,BAL,OF
2017,schoj001,Schoop,Jonathan,R,R,BAL,2B
2017,scott003,Scott,Tanner,R,L,BAL,P
2017,siscc001,Sisco,Chance,L,R,BAL,C
2017,smits002,Smith,Seth,L,L,BAL,OF
2017,tejar001,Tejada,Ruben,R,R,BAL,SS
2017,tillc001,Tillman,Chris,R,R,BAL,P
2017,trumm001,Trumbo,Mark,R,R,BAL,OF
2017,verrl001,Verrett,Logan,R,R,BAL,P
2017,washd001,Washington,David,L,L,BAL,1B
2017,wilst004,Wilson,Tyler,R,R,BAL,P
2017,wrigm001,Wright,Mike,R,R,BAL,P
2017,yacaj001,Yacabonis,Jimmy,R,R,BAL,P
2017,ynoag001,Ynoa,Gabriel,R,R,BAL,P
2017,abadf001,Abad,Fernando,L,L,BOS,P
2017,barnm001,Barnes,Matt,R,R,BOS,P
2017,benia002,Benintendi,Andrew,L,L,BOS,LF
2017,bettm001,Betts,Mookie,R,R,BOS,OF
2017,bogax001,Bogaerts,Xander,R,R,BOS,SS
2017,boyeb001,Boyer,Blaine,R,R,BOS,P
2017,bradj001,Bradley,Jackie,L,R,BOS,OF
2017,darnc001,d'Arnaud,Chase,R,R,BOS,SS
2017,davir003,Davis,Rajai,R,R,BOS,OF
2017,dever001,Devers,Rafael,L,R,BOS,3B
2017,eliar001,Elias,Roenis,L,L,BOS,P
2017,fistd001,Fister,Doug,L,R,BOS,P
2017,hembh001,Hembree,Heath,R,R,BOS,P
2017,hernm003,Hernandez,Marco,L,R,BOS,SS
2017,holtb002,Holt,Brock,L,R,BOS,OF
2017,johnb004,Johnson,Brian,L,L,BOS,P
2017,kellj001,Kelly,Joe,R,R,BOS,P
2017,kendk001,Kendrick,Kyle,R,R,BOS,P
2017,kimbc001,Kimbrel,Craig,R,R,BOS,P
2017,leons001,Leon,Sandy,B,R,BOS,C
2017,lin-t001,Lin,Tzu-Wei,L,R,BOS,SS
2017,madda001,Maddox,Austin,R,R,BOS,P
2017,marrd001,Marrero,Deven,R,R,BOS,3B
2017,martk003,Martin,Kyle,R,R,BOS,P
2017,morem001,Moreland,Mitch,L,L,BOS,1B
2017,nunee002,Nunez,Eduardo,R,R,BOS,SS
2017,pedrd001,Pedroia,Dustin,R,R,BOS,2B
2017,pomed001,Pomeranz,Drew,R,L,BOS,P
2017,porcr001,Porcello,Rick,R,R,BOS,P
2017,pricd001,Price,David,L,L,BOS,P
2017,ramih003,Ramirez,Hanley,R,R,BOS,1B
2017,ramin002,Ramirez,Noe,R,R,BOS,P
2017,reeda001,Reed,Addison,L,R,BOS,P
2017,rodre004,Rodriguez,Eduardo,L,L,BOS,P
2017,rossr002,Ross,Robbie,L,L,BOS,P
2017,rutlj001,Rutledge,Josh,R,R,BOS,SS
2017,salec001,Sale,Chris,L,L,BOS,P
2017,sandp001,Sandoval,Pablo,B,R,BOS,3B
2017,scotr001,Scott,Robby,B,L,BOS,P
2017,selss001,Selsky,Steve,R,R,BOS,OF
2017,smitc004,Smith,Carson,R,R,BOS,P 
2017,swihb001,Swihart,Blake,B,R,BOS,C
2017,taylb002,Taylor,Ben,R,R,BOS,P
2017,travs001,Travis,Sam,R,R,BOS,1B
2017,vazqc001,Vazquez,Christian,R,R,BOS,C
2017,velah001,Velazquez,Hector,R,R,BOS,P
2017,workb001,Workman,Brandon,R,R,BOS,P
2017,wrigs001,Wright,Steven,R,R,BOS,P 
2017,younc004,Young,Chris,R,R,BOS,OF
2017,abrej003,Abreu,Jose,R,R,CHA,1B
2017,albua001,Alburquerque,Al,R,R,CHA,P
2017,andet001,Anderson,Tim,R,R,CHA,SS
2017,aschc001,Asche,Cody,L,R,CHA,OF
2017,beckc002,Beck,Chris,R,R,CHA,P
2017,branr002,Brantly,Rob,L,R,CHA,C
2017,bumma001,Bummer,Aaron,L,L,CHA,P
2017,cabrm002,Cabrera,Melky,B,L,CHA,OF
2017,clipt001,Clippard,Tyler,R,R,CHA,P
2017,coved001,Covey,Dylan,R,R,CHA,P
2017,danit001,Danish,Tyler,R,R,CHA,P
2017,davim005,Davidson,Matt,R,R,CHA,3B
2017,delmn001,Delmonico,Nicky,L,R,CHA,3B
2017,engea001,Engel,Adam,R,R,CHA,OF
2017,farqd001,Farquhar,Danny,R,R,CHA,P
2017,frazt001,Frazier,Todd,R,R,CHA,3B
2017,fry-j001,Fry,Jace,L,L,CHA,P
2017,fulmc001,Fulmer,Carson,R,R,CHA,P
2017,garca003,Garcia,Avisail,R,R,CHA,OF
2017,garcl004,Garcia,Leury,B,R,CHA,OF
2017,garcw001,Garcia,Willy,R,R,CHA,OF
2017,gioll001,Giolito,Lucas,R,R,CHA,P
2017,goldb001,Goldberg,Brad,R,R,CHA,P
2017,gonzm003,Gonzalez,Miguel,R,R,CHA,P
2017,hansa001,Hanson,Alen,B,R,CHA,SS
2017,holld003,Holland,Derek,B,L,CHA,P
2017,holmd002,Holmberg,David,R,L,CHA,P
2017,infag001,Infante,Gregory,R,R,CHA,P
2017,jennd003,Jennings,Dan,L,L,CHA,P
2017,jonen001,Jones,Nate,R,R,CHA,P
2017,kahnt001,Kahnle,Tommy,R,R,CHA,P
2017,lirir001,Liriano,Rymer,R,R,CHA,OF
2017,loper003,Lopez,Reynaldo,R,R,CHA,P
2017,may-j001,May,Jacob,B,R,CHA,OF
2017,minaj001,Minaya,Juan,R,R,CHA,P
2017,moncy001,Moncada,Yoan,B,R,CHA,3B
2017,narvo001,Narvaez,Omar,L,R,CHA,C
2017,pelfm001,Pelfrey,Mike,R,R,CHA,P
2017,petrj001,Petricka,Jake,R,R,CHA,P
2017,putnz001,Putnam,Zach,R,R,CHA,P
2017,quinj001,Quintana,Jose,R,L,CHA,P
2017,robed002,Robertson,David,R,R,CHA,P
2017,rodoc001,Rodon,Carlos,L,L,CHA,P
2017,salat001,Saladino,Tyler,R,R,CHA,3B
2017,sancc001,Sanchez,Yolmer,B,R,CHA,2B
2017,shiej002,Shields,James,R,R,CHA,P
2017,smitk002,Smith,Kevan,R,R,CHA,C
2017,sotog001,Soto,Geovany,R,R,CHA,C
2017,swara001,Swarzak,Anthony,R,R,CHA,P
2017,volsc001,Volstad,Chris,R,R,CHA,P
2017,ynoam001,Ynoa,Michael,R,R,CHA,P
2017,almoa002,Almora,Albert,R,R,CHN,OF
2017,andeb004,Anderson,Brett,L,L,CHN,P
2017,arrij001,Arrieta,Jake,R,R,CHN,P
2017,avila001,Avila,Alex,L,R,CHN,C
2017,baezj001,Baez,Javier,R,R,CHN,2B
2017,bryak001,Bryant,Kris,R,R,CHN,3B
2017,butle001,Butler,Eddie,R,R,CHN,P
2017,candj002,Candelario,Jeimer,B,R,CHN,3B
2017,carav001,Caratini,Victor,B,R,CHN,C
2017,contw001,Contreras,Willson,R,R,CHN,C
2017,davit004,Davis,Taylor,R,R,CHN,C
2017,daviw001,Davis,Wade,R,R,CHN,P
2017,duenb001,Duensing,Brian,L,L,CHN,P
2017,edwac001,Edwards,Carl,R,R,CHN,P
2017,flord002,Floro,Dylan,L,R,CHN,P
2017,frans001,Frankoff,Seth,R,R,CHN,P
2017,freem002,Freeman,Mike,L,R,CHN,1B
2017,grimj002,Grimm,Justin,R,R,CHN,P
2017,happi001,Happ,Ian,B,R,CHN,2B
2017,hendk001,Hendricks,Kyle,R,R,CHN,P
2017,heywj001,Heyward,Jason,L,L,CHN,OF
2017,jay-j001,Jay,Jon,L,L,CHN,OF
2017,johnp001,Johnson,Pierce,R,R,CHN,P
2017,lackj001,Lackey,John,R,R,CHN,P
2017,lastt001,La Stella,Tommy,L,R,CHN,2B
2017,leatj001,Leathersich,Jack,R,L,CHN,P
2017,lestj001,Lester,Jon,L,L,CHN,P
2017,mapld001,Maples,Dillon,R,R,CHN,P
2017,martl004,Martin,Leonys,L,R,CHN,OF
2017,montm001,Montero,Miguel,L,R,CHN,C
2017,montm002,Montgomery,Mike,L,L,CHN,P
2017,penaf002,Pena,Felix,R,R,CHN,P
2017,quinj001,Quintana,Jose,R,L,CHN,P
2017,river003,Rivera,Rene,R,R,CHN,C
2017,rizza001,Rizzo,Anthony,L,L,CHN,1B
2017,rondh001,Rondon,Hector,R,R,CHN,P
2017,rossz001,Rosscup,Zac,R,L,CHN,P
2017,russa002,Russell,Addison,R,R,CHN,2B
2017,schwk001,Schwarber,Kyle,L,R,CHN,OF
2017,strop001,Strop,Pedro,R,R,CHN,P
2017,szczm001,Szczur,Matt,R,R,CHN,OF
2017,tsenj001,Tseng,Jen-Ho,L,R,CHN,P
2017,uehak001,Uehara,Koji,R,R,CHN,P
2017,wilsj004,Wilson,Justin,L,L,CHN,P
2017,zagum002,Zagunis,Mark,R,R,CHN,OF
2017,zastr001,Zastryzny,Rob,R,L,CHN,P
2017,zobrb001,Zobrist,Ben,B,R,CHN,2B
2017,adlet001,Adleman,Tim,R,R,CIN,P
2017,alcaa001,Alcantara,Arismendy,B,R,CIN,OF
2017,arrob001,Arroyo,Bronson,R,R,CIN,P
2017,astib001,Astin,Barrett,R,R,CIN,P
2017,bailh001,Bailey,Homer,R,R,CIN,P
2017,barnt001,Barnhart,Tucker,B,R,CIN,C
2017,bonil001,Bonilla,Lisalverto,B,R,CIN,P
2017,brica001,Brice,Austin,R,R,CIN,P
2017,buchj001,Buchanan,Jake,R,R,CIN,P
2017,castl003,Castillo,Luis,R,R,CIN,P
2017,chaca001,Chacin,Alejandro,R,R,CIN,P
2017,cingt001,Cingrani,Tony,L,L,CIN,P
2017,cozaz001,Cozart,Zack,R,R,CIN,SS
2017,davir004,Davis,Rookie,R,R,CIN,P
2017,duvaa001,Duvall,Adam,R,R,CIN,OF
2017,ervip001,Ervin,Phillip,R,R,CIN,OF
2017,farrl001,Farrell,Luke,R,R,CIN,P
2017,felds001,Feldman,Scott,L,R,CIN,P
2017,finnb001,Finnegan,Brandon,L,L,CIN,P
2017,garra001,Garrett,Amir,R,L,CIN,P
2017,genns001,Gennett,Scooter,L,R,CIN,2B
2017,hamib001,Hamilton,Billy,B,R,CIN,OF
2017,herna004,Hernandez,Ariel,R,R,CIN,P
2017,igler001,Iglesias,Raisel,R,R,CIN,P
2017,kivlp001,Kivlehan,Patrick,R,R,CIN,3B
2017,lorem002,Lorenzen,Michael,R,R,CIN,P
2017,mahlt001,Mahle,Tyler,R,R,CIN,P
2017,mcgud001,McGuire,Deck,R,R,CIN,P
2017,mellk001,Mella,Keury,R,R,CIN,P
2017,mesod001,Mesoraco,Devin,R,R,CIN,C
2017,peraj003,Peraza,Jose,R,R,CIN,2B
2017,peraw002,Peralta,Wandy,L,L,CIN,P
2017,reedc002,Reed,Cody,L,L,CIN,P
2017,romas001,Romano,Sal,L,R,CIN,P
2017,sches001,Schebler,Scott,L,R,CIN,OF
2017,shack001,Shackelford,Kevin,R,R,CIN,P
2017,stepj002,Stephens,Jackson,R,R,CIN,P
2017,stepr002,Stephenson,Robert,R,R,CIN,P
2017,stord001,Storen,Drew,B,R,CIN,P
2017,suare001,Suarez,Eugenio,R,R,CIN,SS
2017,turns002,Turner,Stuart,R,R,CIN,C
2017,vincz001,Vincej,Zach,R,R,CIN,SS
2017,vottj001,Votto,Joey,L,R,CIN,1B
2017,wallc001,Wallach,Chad,R,R,CIN,C
2017,winkj002,Winker,Jesse,L,L,CIN,P
2017,wojca001,Wojciechowski,Asher,R,R,CIN,P
2017,woodb004,Wood,Blake,R,R,CIN,P
2017,allec002,Allen,Cody,R,R,CLE,P
2017,alleg002,Allen,Greg,B,R,CLE,OF
2017,almoa001,Almonte,Abraham,B,R,CLE,OF
2017,armss001,Armstrong,Shawn,R,R,CLE,P
2017,bauet001,Bauer,Trevor,R,R,CLE,P
2017,branm003,Brantley,Michael,L,L,CLE,OF
2017,bresc001,Breslow,Craig,L,L,CLE,P
2017,brucj001,Bruce,Jay,L,L,CLE,OF
2017,carrc003,Carrasco,Carlos,R,R,CLE,P
2017,chisl001,Chisenhall,Lonnie,L,R,CLE,OF
2017,clevm001,Clevinger,Mike,R,R,CLE,P
2017,crock001,Crockett,Kyle,L,L,CLE,P
2017,diazy001,Diaz,Yandy,R,R,CLE,OF
2017,encae001,Encarnacion,Edwin,R,R,CLE,DH
2017,gomey001,Gomes,Yan,R,R,CLE,C
2017,gonze004,Gonzalez,Erik,R,R,CLE,SS
2017,goodn001,Goody,Nick,R,R,CLE,P
2017,guyeb001,Guyer,Brandon,R,R,CLE,OF
2017,jacka001,Jackson,Austin,R,R,CLE,OF
2017,kipnj001,Kipnis,Jason,L,R,CLE,2B
2017,klubc001,Kluber,Corey,R,R,CLE,P
2017,lindf001,Lindor,Francisco,B,R,CLE,SS
2017,logab001,Logan,Boone,R,L,CLE,P
2017,martm003,Martinez,Michael,B,R,CLE,OF
2017,mcalz001,McAllister,Zach,R,R,CLE,P
2017,mejif001,Mejia,Francisco,B,R,CLE,C
2017,merrr001,Merritt,Ryan,L,L,CLE,P
2017,milla002,Miller,Andrew,L,L,CLE,P
2017,naqut001,Naquin,Tyler,L,R,CLE,OF
2017,olsot002,Olson,Tyler,R,L,CLE,P
2017,oterd001,Otero,Dan,R,R,CLE,P
2017,perer003,Perez,Roberto,R,R,CLE,C
2017,ramij003,Ramirez,Jose,B,R,CLE,SS
2017,robed003,Robertson,Daniel,R,R,CLE,OF
2017,salad001,Salazar,Danny,L,R,CLE,P
2017,santc002,Santana,Carlos,B,R,CLE,1B
2017,shawb001,Shaw,Bryan,B,R,CLE,P
2017,smitj002,Smith,Joe,R,R,CLE,P
2017,tomlj001,Tomlin,Josh,R,R,CLE,P
2017,urshg001,Urshela,Giovanny,R,R,CLE,3B
2017,zimmb001,Zimmer,Bradley,L,R,CLE,OF
2017,adamc001,Adames,Cristhian,B,R,COL,SS
2017,amara001,Amarista,Alexi,L,R,COL,SS
2017,andet002,Anderson,Tyler,L,L,COL,P
2017,arenn001,Arenado,Nolan,R,R,COL,3B
2017,bettc001,Bettis,Chad,R,R,COL,P
2017,blacc001,Blackmon,Charlie,L,L,COL,OF
2017,cards001,Cardullo,Stephen,R,R,COL,OF
2017,carls002,Carle,Shane,R,R,COL,P
2017,chatt001,Chatwood,Tyler,R,R,COL,P
2017,desmi001,Desmond,Ian,R,R,COL,SS
2017,diazj006,Diaz,Jairo,R,R,COL,P
2017,dunnm002,Dunn,Michael,L,L,COL,P
2017,estec001,Estevez,Carlos,R,R,COL,P
2017,freek001,Freeland,Kyle,L,L,COL,P
2017,garnd001,Garneau,Dustin,R,R,COL,C
2017,gonzc001,Gonzalez,Carlos,L,L,COL,OF
2017,grayj003,Gray,Jon,R,R,COL,P
2017,hanir001,Hanigan,Ryan,R,R,COL,C
2017,hoffj003,Hoffman,Jeff,R,R,COL,P
2017,hollg001,Holland,Greg,R,R,COL,P
2017,lemad001,LeMahieu,DJ,R,R,COL,2B
2017,lucrj001,Lucroy,Jonathan,R,R,COL,C
2017,lylej001,Lyles,Jordan,R,R,COL,P
2017,marqg001,Marquez,German,R,R,COL,P
2017,mcgej001,McGee,Jake,L,L,COL,P
2017,mcmar001,McMahon,Ryan,L,R,COL,3B
2017,murpt002,Murphy,Tom,R,R,COL,C
2017,neshp001,Neshek,Pat,B,R,COL,P
2017,obers001,Oberg,Scott,R,R,COL,P
2017,ottaa001,Ottavino,Adam,L,R,COL,P
2017,qualc001,Qualls,Chad,R,R,COL,P
2017,parrg001,Parra,Gerardo,L,L,COL,OF
2017,reynm001,Reynolds,Mark,R,R,COL,1B
2017,rossz001,Rosscup,Zac,R,L,COL,P
2017,rusic001,Rusin,Chris,L,L,COL,P
2017,senza001,Senzatela,Antonio,R,R,COL,P
2017,stort001,Story,Trevor,R,R,COL,SS
2017,tapir001,Tapia,Raimel,L,L,COL,OF
2017,taucm001,Tauchman,Mike,L,L,COL,OF
2017,valap001,Valaika,Pat,R,R,COL,SS
2017,woltt001,Wolters,Tony,L,R,COL,C
2017,adduj002,Adduci,Jim,L,L,DET,OF
2017,alcav001,Alcantara,Victor,R,R,DET,P
2017,avila001,Avila,Alex,L,R,DET,C
2017,bellc003,Bell,Chad,R,L,DET,P
2017,boydm001,Boyd,Matt,L,L,DET,P
2017,cabrm001,Cabrera,Miguel,R,R,DET,1B
2017,candj002,Candelario,Jeimer,B,R,DET,3B
2017,castn001,Castellanos,Nick,R,R,DET,3B
2017,collt002,Collins,Tyler,L,L,DET,OF
2017,cuevw001,Cuevas,William,R,R,DET,P
2017,dendm001,den Dekker,Matt,L,L,DET,OF
2017,farmb001,Farmer,Buck,L,R,DET,P
2017,ferrj001,Ferrell,Jeff,R,R,DET,P
2017,fulmm001,Fulmer,Michael,R,R,DET,P
2017,grees005,Greene,Shane,R,R,DET,P
2017,hardb001,Hardy,Blaine,L,L,DET,P
2017,hickj001,Hicks,John,R,R,DET,C
2017,holab001,Holaday,Bryan,R,R,DET,C
2017,iglej001,Iglesias,Jose,R,R,DET,SS
2017,jayem001,Jaye,Myles,B,R,DET,P
2017,jimej003,Jimenez,Joe,R,R,DET,P
2017,jonej006,Jones,JaCoby,R,R,DET,3B
2017,kinsi001,Kinsler,Ian,R,R,DET,2B
2017,laboj001,Labourt,Jairo,L,L,DET,P
2017,leona002,Leon,Arcenio,R,R,DET,P
2017,lewia001,Lewicki,Artie,R,R,DET,P
2017,machd001,Machado,Dixon,R,R,DET,SS
2017,mahtm001,Mahtook,Mikie,R,R,DET,OF
2017,martj006,Martinez,J.D.,R,R,DET,OF
2017,martv001,Martinez,Victor,B,R,DET,DH
2017,mccaj001,McCann,James,R,R,DET,C
2017,mujie001,Mujica,Edward,R,R,DET,P
2017,navae001,Navarro,Efren,L,L,DET,1B
2017,norrd002,Norris,Daniel,L,L,DET,P
2017,presa001,Presley,Alex,L,L,DET,OF
2017,reinz001,Reininger,Zac,B,R,DET,P
2017,rodrf003,Rodriguez,Francisco,R,R,DET,P
2017,romia001,Romine,Andrew,B,R,DET,3B
2017,rondb001,Rondon,Bruce,R,R,DET,P
2017,ryank002,Ryan,Kyle,L,L,DET,P
2017,sanca004,Sanchez,Anibal,R,R,DET,P
2017,saupw001,Saupold,Warwick,R,R,DET,P
2017,stumd001,Stumpf,Daniel,L,L,DET,P
2017,uptoj001,Upton,Justin,R,R,DET,OF
2017,verhd001,VerHagen,Drew,R,R,DET,P
2017,verlj001,Verlander,Justin,R,R,DET,P
2017,wilsa001,Wilson,Alex,R,R,DET,P
2017,wilsj004,Wilson,Justin,L,L,DET,P
2017,zimmj003,Zimmermann,Jordan,R,R,DET,P
2017,altuj001,Altuve,Jose,R,R,HOU,2B
2017,aokin001,Aoki,Nori,L,R,HOU,OF
2017,beltc001,Beltran,Carlos,B,R,HOU,OF
2017,brega001,Bregman,Alex,R,R,HOU,SS
2017,centj001,Centeno,Juan,L,R,HOU,C
2017,clipt001,Clippard,Tyler,R,R,HOU,P
2017,corrc001,Correa,Carlos,R,R,HOU,SS
2017,davij006,Davis,J.D.,R,R,HOU,3B
2017,devec001,Devenski,Chris,R,R,HOU,P
2017,diazd001,Diaz,Dayan,R,R,HOU,P
2017,felim001,Feliz,Michael,R,R,HOU,P
2017,fierm001,Fiers,Michael,R,R,HOU,P
2017,fishd001,Fisher,Derek,L,R,HOU,OF
2017,gatte001,Gattis,Evan,R,R,HOU,C
2017,gilek001,Giles,Ken,R,R,HOU,P
2017,gonzm002,Gonzalez,Marwin,B,R,HOU,1B
2017,gregl001,Gregerson,Luke,L,R,HOU,P
2017,gudur001,Guduan,Reymin,L,L,HOU,P
2017,gurry001,Gurriel,Yulieski,R,R,HOU,3B
2017,gustj001,Gustave,Jandel,R,R,HOU,P
2017,harrw002,Harris,Will,R,R,HOU,P
2017,hernt002,Hernandez,Teoscar,R,R,HOU,OF
2017,hoytj001,Hoyt,James,R,R,HOU,P
2017,jankj001,Jankowski,Jordan,R,R,HOU,P
2017,kempt001,Kemp,Tony,L,R,HOU,OF
2017,keucd001,Keuchel,Dallas,L,L,HOU,P
2017,lirif001,Liriano,Francisco,L,L,HOU,P
2017,marij002,Marisnick,Jake,R,R,HOU,OF
2017,martf003,Martes,Francis,R,R,HOU,P
2017,maybc001,Maybin,Cameron,R,R,HOU,OF
2017,mccab002,McCann,Brian,L,R,HOU,C
2017,mccul002,McCullers,Lance,L,R,HOU,P
2017,mchuc001,McHugh,Collin,R,R,HOU,P
2017,morac001,Moran,Colin,L,R,HOU,3B
2017,mortc002,Morton,Charlie,R,R,HOU,P
2017,musgj001,Musgrove,Joe,R,R,HOU,P
2017,pauld002,Paulino,David,R,R,HOU,P
2017,peacb001,Peacock,Brad,R,R,HOU,P
2017,reddj001,Reddick,Josh,L,R,HOU,OF
2017,reeda002,Reed,A.J.,L,L,HOU,1B
2017,sippt001,Sipp,Tony,L,L,HOU,P
2017,sprig001,Springer,George,R,R,HOU,OF
2017,stasm001,Stassi,Max,R,R,HOU,C
2017,tolla001,Tolliver,Ashur,L,L,HOU,P
2017,verlj001,Verlander,Justin,R,R,HOU,P
2017,whitt002,White,Tyler,R,R,HOU,1B
2017,albua001,Alburquerque,Al,R,R,KCA,P
2017,alexs001,Alexander,Scott,L,L,KCA,P
2017,almom001,Almonte,Miguel,R,R,KCA,P
2017,bonij002,Bonifacio,Jorge,R,R,KCA,OF
2017,buchr001,Buchter,Ryan,L,L,KCA,P
2017,burnb002,Burns,Billy,B,R,KCA,OF
2017,buted001,Butera,Drew,R,R,KCA,C
2017,cabrm002,Cabrera,Melky,B,L,KCA,OF
2017,cahit001,Cahill,Trevor,R,R,KCA,P
2017,cainl001,Cain,Lorenzo,R,R,KCA,OF
2017,coloc002,Colon,Christian,R,R,KCA,SS
2017,cuthc001,Cuthbert,Cheslor,R,R,KCA,3B
2017,duffd001,Duffy,Danny,L,L,KCA,P
2017,escoa003,Escobar,Alcides,R,R,KCA,SS
2017,farrl001,Farrell,Luke,R,R,KCA,P
2017,felin001,Feliz,Neftali,R,R,KCA,P
2017,flynb001,Flynn,Brian,L,L,KCA,P
2017,gallc001,Gallagher,Cam,R,R,KCA,C
2017,garco001,Garcia,Onelki,L,L,KCA,P
2017,gavis001,Gaviglio,Sam,R,R,KCA,P
2017,gorda001,Gordon,Alex,L,R,KCA,OF
2017,goret001,Gore,Terrance,R,R,KCA,OF
2017,hammj002,Hammel,Jason,R,R,KCA,P
2017,herrk001,Herrera,Kelvin,R,R,KCA,P 
2017,hosme001,Hosmer,Eric,L,L,KCA,1B
2017,junij001,Junis,Jake,R,R,KCA,P
2017,karnn001,Karns,Nathan,R,R,KCA,P
2017,kenni001,Kennedy,Ian,R,R,KCA,P 
2017,macha003,Machado,Andres,R,R,KCA,P
2017,manes001,Maness,Seth,R,R,KCA,P
2017,maurb001,Maurer,Brandon,R,R,KCA,P
2017,mccak002,McCarthy,Kevin,R,R,KCA,P
2017,merrw001,Merrifield,Whit,R,R,KCA,OF
2017,minom001,Minor,Mike,R,L,KCA,P 
2017,mondr003,Mondesi,Raul,B,R,KCA,SS
2017,morim002,Morin,Mike,R,R,KCA,P
2017,mossb001,Moss,Brandon,L,R,KCA,OF
2017,mousm001,Moustakas,Mike,L,R,KCA,3B
2017,moylp001,Moylan,Peter,R,R,KCA,P
2017,orlap001,Orlando,Paulo,R,R,KCA,OF
2017,peres002,Perez,Salvador,R,R,KCA,C
2017,skoge001,Skoglund,Eric,L,L,KCA,P
2017,solej001,Soler,Jorge,R,R,KCA,OF
2017,sorij001,Soria,Joakim,R,R,KCA,P
2017,stram001,Strahm,Matt,R,L,KCA,P
2017,torrr002,Torres,Ramon,B,R,KCA,SS
2017,vargj001,Vargas,Jason,L,L,KCA,P
2017,woodt004,Wood,Travis,R,L,KCA,P
2017,younc003,Young,Chris,R,R,KCA,P
2017,avill001,Avilan,Luis,L,L,LAN,P
2017,baezp001,Baez,Pedro,R,R,LAN,P
2017,barna001,Barnes,Austin,R,R,LAN,C
2017,bellc002,Bellinger,Cody,L,L,LAN,1B
2017,buehw001,Buehler,Walker,R,R,LAN,P
2017,castf003,Castillo,Fabio,R,R,LAN,P
2017,cingt001,Cingrani,Tony,L,L,LAN,P
2017,culbc001,Culberson,Charlie,R,R,LAN,3B
2017,darvy001,Darvish,Yu,R,R,LAN,P
2017,daytg001,Dayton,Grant,L,L,LAN,P
2017,dicko001,Dickson,O'Koyea,R,R,LAN,OF
2017,eibnb001,Eibner,Brett,R,R,LAN,OF
2017,ethia001,Ethier,Andre,L,L,LAN,OF
2017,farmk001,Farmer,Kyle,R,R,LAN,C
2017,fielj002,Fields,Josh,R,R,LAN,P
2017,fontw001,Font,Wilmer,R,R,LAN,P
2017,forsl001,Forsythe,Logan,R,R,LAN,2B
2017,freem002,Freeman,Mike,L,R,LAN,1B
2017,gonza003,Gonzalez,Adrian,L,L,LAN,1B
2017,grany001,Grandal,Yasmani,B,R,LAN,C
2017,granc001,Granderson,Curtis,L,R,LAN,OF
2017,gutif001,Gutierrez,Franklin,R,R,LAN,OF
2017,hatcc002,Hatcher,Chris,B,R,LAN,P
2017,herne001,Hernandez,Enrique,R,R,LAN,OF
2017,hillr001,Hill,Rich,L,L,LAN,P
2017,jansk001,Jansen,Kenley,B,R,LAN,P
2017,kersc001,Kershaw,Clayton,L,L,LAN,P
2017,libea001,Liberatore,Adam,L,L,LAN,P
2017,locat001,Locastro,Tim,R,R,LAN,2B
2017,maedk001,Maeda,Kenta,R,R,LAN,P
2017,mccab001,McCarthy,Brandon,R,R,LAN,P
2017,morrb001,Morrow,Brandon,R,R,LAN,P
2017,paree002,Paredes,Edward,L,L,LAN,P
2017,pedej001,Pederson,Joc,L,L,LAN,OF
2017,puigy001,Puig,Yasiel,R,R,LAN,OF
2017,ravij001,Ravin,Josh,R,R,LAN,P 
2017,romos001,Romo,Sergio,R,R,LAN,P
2017,ryu-h001,Ryu,Hyun-Jin,R,L,LAN,P
2017,seagc001,Seager,Corey,L,R,LAN,SS
2017,seger001,Segedin,Rob,R,R,LAN,OF
2017,stewb001,Stewart,Brock,L,R,LAN,P
2017,strir001,Stripling,Ross,R,R,LAN,P
2017,taylc001,Taylor,Chris,R,R,LAN,SS
2017,thomt002,Thompson,Trayce,R,R,LAN,OF
2017,tolea001,Toles,Andrew,L,R,LAN,OF
2017,turnj001,Turner,Justin,R,R,LAN,3B
2017,uriaj001,Urias,Julio,L,L,LAN,P
2017,utlec001,Utley,Chase,L,R,LAN,2B
2017,vanss001,Van Slyke,Scott,R,R,LAN,OF
2017,verda001,Verdugo,Alex,L,L,LAN,OF
2017,watst001,Watson,Tony,L,L,LAN,P
2017,wooda002,Wood,Alex,R,L,LAN,P
2017,andeb006,Anderson,Brian,R,R,MIA,3B
2017,avilm001,Aviles,Mike,R,R,MIA,OF
2017,barrk002,Barraclough,Kyle,R,R,MIA,P
2017,bourj002,Bour,Justin,L,R,MIA,1B
2017,cervh001,Cervenka,Hunter,L,L,MIA,P
2017,chenw001,Chen,Wei-Yin,L,L,MIA,P
2017,coloc002,Colon,Christian,R,R,MIA,SS
2017,conla001,Conley,Adam,L,L,MIA,P
2017,despo001,Despaigne,Odrisamer,R,R,MIA,P
2017,dietd001,Dietrich,Derek,L,R,MIA,OF
2017,ellib001,Ellington,Brian,R,R,MIA,P
2017,ellia001,Ellis,A.J.,R,R,MIA,C
2017,garcj006,Garcia,Jarlin,L,L,MIA,P
2017,gordd002,Gordon,Dee,L,R,MIA,2B
2017,guerj002,Guerra,Javy,R,R,MIA,P
2017,hecha001,Hechavarria,Adeiny,R,R,MIA,SS
2017,koeht001,Koehler,Tom,R,R,MIA,P
2017,lockj001,Locke,Jeff,L,L,MIA,P
2017,lombs002,Lombardozzi,Steve,B,R,MIA,2B
2017,mcgod001,McGowan,Dustin,R,R,MIA,P
2017,moort002,Moore,Tyler,R,R,MIA,1B
2017,nicoj001,Nicolino,Justin,L,L,MIA,P
2017,ograc001,O'Grady,Chris,R,L,MIA,P
2017,ozunm001,Ozuna,Marcell,R,R,MIA,OF
2017,peted001,Peters,Dillon,L,L,MIA,P
2017,pheld001,Phelps,David,R,R,MIA,P
2017,pradm001,Prado,Martin,R,R,MIA,3B
2017,ramoa001,Ramos,A.J.,R,R,MIA,P
2017,realj001,Realmuto,J.T.,R,R,MIA,C
2017,riddj001,Riddle,J.T.,L,R,MIA,SS
2017,rojam002,Rojas,Miguel,R,R,MIA,SS
2017,stanm004,Stanton,Giancarlo,R,R,MIA,OF
2017,stecd001,Steckenrider,Drew,R,R,MIA,P
2017,strad003,Straily,Dan,R,R,MIA,P
2017,suzui001,Suzuki,Ichiro,L,R,MIA,OF
2017,tazaj001,Tazawa,Junichi,R,R,MIA,P
2017,telit001,Telis,Tomas,B,R,MIA,C 
2017,urenj001,Urena,Jose,R,R,MIA,P
2017,volqe001,Volquez,Edinson,R,R,MIA,P
2017,wittn001,Wittgren,Nick,R,R,MIA,P
2017,worlv001,Worley,Vance,R,R,MIA,P
2017,yelic001,Yelich,Christian,L,R,MIA,OF
2017,ziegb001,Ziegler,Brad,R,R,MIA,P
2017,aguij001,Aguilar,Jesus,R,R,MIL,1B
2017,andec001,Anderson,Chase,R,R,MIL,P
2017,arcio002,Arcia,Orlando,R,R,MIL,SS
2017,bandj001,Bandy,Jett,R,R,MIL,C
2017,barnj002,Barnes,Jacob,R,R,MIL,P
2017,berrq001,Berry,Quintin,L,L,MIL,OF
2017,blazm001,Blazek,Michael,R,R,MIL,P
2017,braur002,Braun,Ryan,R,R,MIL,OF
2017,brinl001,Brinson,Lewis,R,R,MIL,OF
2017,broxk001,Broxton,Keon,R,R,MIL,OF
2017,daviz001,Davies,Zach,R,R,MIL,P
2017,drako001,Drake,Oliver,R,R,MIL,P
2017,espip001,Espino,Paolo,R,R,MIL,P
2017,felin001,Feliz,Neftali,R,R,MIL,P
2017,frann001,Franklin,Nick,B,R,MIL,2B
2017,garzm001,Garza,Matt,R,R,MIL,P
2017,gofod001,Goforth,David,R,R,MIL,P
2017,guerj003,Guerra,Junior,R,R,MIL,P
2017,hadej001,Hader,Josh,L,L,MIL,P
2017,hughj001,Hughes,Jared,R,R,MIL,P
2017,jeffj001,Jeffress,Jeremy,R,R,MIL,P
2017,jungt001,Jungmann,Taylor,R,R,MIL,P
2017,knebc001,Knebel,Corey,R,R,MIL,P
2017,lopej004,Lopez,Jorge,R,R,MIL,P
2017,marij001,Marinez,Jhan,R,R,MIL,P
2017,milot001,Milone,Tom,L,L,MIL,P
2017,nelsj004,Nelson,Jimmy,R,R,MIL,P
2017,nieuk001,Nieuwenhuis,Kirk,L,R,MIL,OF
2017,peraw001,Peralta,Wily,R,R,MIL,P 
2017,pereh001,Perez,Hernan,R,R,MIL,3B
2017,philb002,Phillips,Brett,L,R,MIL,OF
2017,pinam001,Pina,Manny,R,R,MIL,C
2017,rivey001,Rivera,Yadiel,R,R,MIL,2B
2017,santd002,Santana,Domingo,R,R,MIL,OF
2017,scahr001,Scahill,Rob,L,R,MIL,P
2017,shawt001,Shaw,Travis,L,R,MIL,1B
2017,sogae001,Sogard,Eric,L,R,MIL,2B
2017,susaa001,Susac,Andrew,R,R,MIL,C
2017,suteb001,Suter,Brent,L,L,MIL,P
2017,swara001,Swarzak,Anthony,R,R,MIL,P
2017,thame001,Thames,Eric,L,R,MIL,OF
2017,torrc001,Torres,Carlos,R,R,MIL,P
2017,villj001,Villar,Jonathan,B,R,MIL,SS
2017,vogts001,Vogt,Stephen,L,R,MIL,C
2017,walkn001,Walker,Neil,B,R,MIL,2B
2017,wangw001,Wang,Wei-Chung,L,L,MIL,P
2017,webbt001,Webb,Tyler,R,L,MIL,P
2017,wilka003,Wilkerson,Aaron,R,R,MIL,P
2017,willt003,Williams,Taylor,B,R,MIL,P
2017,woodb005,Woodruff,Brandon,L,R,MIL,P
2017,adrie001,Adrianza,Ehire,B,R,MIN,2B
2017,belim001,Belisle,Matt,R,R,MIN,P
2017,berrj001,Berrios,Jose,R,R,MIN,P
2017,boshb001,Boshers,Buddy,L,L,MIN,P
2017,bresc001,Breslow,Craig,L,L,MIN,P
2017,busea001,Busenitz,Alan,R,R,MIN,P
2017,buxtb001,Buxton,Byron,R,R,MIN,OF
2017,castj006,Castro,Jason,L,R,MIN,C
2017,colob001,Colon,Bartolo,R,R,MIN,P
2017,curtj003,Curtiss,John,R,R,MIN,P
2017,dozib001,Dozier,Brian,R,R,MIN,2B
2017,dufft001,Duffey,Tyler,R,R,MIN,P 
2017,ennsd001,Enns,Dietrich,L,L,MIN,P
2017,escoe001,Escobar,Eduardo,B,R,MIN,SS
2017,garcj004,Garcia,Jaime,L,L,MIN,P
2017,garvm001,Garver,Mitch,R,R,MIN,C
2017,gibsk002,Gibson,Kyle,R,R,MIN,P
2017,gee-d001,Gee,Dillon,R,R,MIN,P
2017,gimec001,Gimenez,Chris,R,R,MIN,C
2017,goodn002,Goodrum,Niko,B,R,MIN,OF
2017,granz001,Granite,Zack,L,L,MIN,OF
2017,grosr001,Grossman,Robbie,B,L,MIN,OF
2017,halej001,Haley,Justin,R,R,MIN,P
2017,hestc001,Heston,Chris,R,R,MIN,P
2017,hildt001,Hildenberger,Trevor,R,R,MIN,P
2017,hughp001,Hughes,Phil,R,R,MIN,P
2017,jorgf001,Jorge,Felix,R,R,MIN,P
2017,keplm001,Kepler,Max,L,L,MIN,OF
2017,kintb001,Kintzler,Brandon,R,R,MIN,P
2017,mauej001,Mauer,Joe,L,R,MIN,1B
2017,mejia001,Mejia,Adalberto,R,L,MIN,P
2017,melvt001,Melville,Tim,R,R,MIN,P
2017,moyag001,Moya,Gabriel,L,L,MIN,P
2017,perkg001,Perkins,Glen,L,L,MIN,P
2017,polaj001,Polanco,Jorge,B,R,MIN,SS
2017,presr001,Pressly,Ryan,R,R,MIN,P 
2017,roget001,Rogers,Taylor,L,L,MIN,P
2017,rosae001,Rosario,Eddie,L,R,MIN,OF
2017,rosar002,Rosario,Randy,L,L,MIN,P
2017,rucid001,Rucinski,Drew,R,R,MIN,P
2017,sanom001,Sano,Miguel,R,R,MIN,DH
2017,santd001,Santana,Danny,B,R,MIN,OF
2017,sante001,Santana,Ervin,R,R,MIN,P
2017,santh001,Santiago,Hector,R,L,MIN,P
2017,slega001,Slegers,Aaron,R,R,MIN,P
2017,tepen001,Tepesch,Nick,R,R,MIN,P
2017,tonkm001,Tonkin,Michael,R,R,MIN,P
2017,turln001,Turley,Nik,L,L,MIN,P
2017,vargk001,Vargas,Kennys,B,R,MIN,DH
2017,wheej001,Wheeler,Jason,L,L,MIN,P
2017,wilka001,Wilk,Adam,L,L,MIN,P
2017,wimma001,Wimmers,Alex,L,R,MIN,P
2017,andum001,Andujar,Miguel,R,R,NYA,3B
2017,austt001,Austin,Tyler,R,R,NYA,OF
2017,betad001,Betances,Dellin,R,R,NYA,P
2017,birdg001,Bird,Greg,L,R,NYA,1B
2017,cartc002,Carter,Chris,R,R,NYA,1B
2017,casts001,Castro,Starlin,R,R,NYA,SS
2017,cessl001,Cessa,Luis,R,R,NYA,P
2017,chapa001,Chapman,Aroldis,L,L,NYA,P
2017,choij001,Choi,Ji-Man,L,R,NYA,OF
2017,clipt001,Clippard,Tyler,R,R,NYA,P
2017,coopg002,Cooper,Garrett,R,R,NYA,1B
2017,ellsj001,Ellsbury,Jacoby,L,L,NYA,OF
2017,fowld002,Fowler,Dustin,L,L,NYA,OF
2017,frazc001,Frazier,Clint,R,R,NYA,OF
2017,frazt001,Frazier,Todd,R,R,NYA,3B
2017,gallg001,Gallegos,Giovanny,R,R,NYA,P
2017,garcj004,Garcia,Jaime,L,L,NYA,P
2017,gardb001,Gardner,Brett,L,L,NYA,OF
2017,germd001,German,Domingo,R,R,NYA,P
2017,grays001,Gray,Sonny,R,R,NYA,P
2017,greec003,Green,Chad,L,R,NYA,P
2017,gregd001,Gregorius,Didi,L,R,NYA,SS
2017,headc001,Headley,Chase,B,R,NYA,3B
2017,hellb001,Heller,Ben,R,R,NYA,P
2017,herrr001,Herrera,Ronald,R,R,NYA,P
2017,hicka001,Hicks,Aaron,B,R,NYA,OF
2017,higak001,Higashioka,Kyle,R,R,NYA,C
2017,holdj002,Holder,Jonathan,R,R,NYA,P
2017,hollm001,Holliday,Matt,R,R,NYA,OF
2017,judga001,Judge,Aaron,R,R,NYA,OF
2017,kahnt001,Kahnle,Tommy,R,R,NYA,P
2017,krate001,Kratz,Erik,R,R,NYA,C
2017,kozmp001,Kozma,Pete,R,R,NYA,SS
2017,laynt001,Layne,Tom,L,L,NYA,P
2017,mitcb001,Mitchell,Bryan,L,R,NYA,P
2017,montj004,Montgomery,Jordan,L,L,NYA,P
2017,pinem001,Pineda,Michael,R,R,NYA,P
2017,refsr001,Refsnyder,Rob,R,R,NYA,2B
2017,robed002,Robertson,David,R,R,NYA,P
2017,romia002,Romine,Austin,R,R,NYA,C
2017,sabac001,Sabathia,CC,L,L,NYA,P
2017,sancg002,Sanchez,Gary,R,R,NYA,C
2017,sevel001,Severino,Luis,R,R,NYA,P
2017,shrec001,Shreve,Chasen,L,L,NYA,P
2017,smitc006,Smith,Caleb,R,L,NYA,P
2017,tanam001,Tanaka,Masahiro,R,R,NYA,P
2017,torrr001,Torreyes,Ronald,R,R,NYA,2B
2017,wadet002,Wade,Tyler,L,R,NYA,P
2017,warra001,Warren,Adam,R,R,NYA,P
2017,webbt001,Webb,Tyler,R,L,NYA,P
2017,willm007,Williams,Mason,L,R,NYA,OF
2017,aokin001,Aoki,Nori,L,R,NYN,OF
2017,blevj001,Blevins,Jerry,L,L,NYN,P
2017,bradc002,Bradford,Chasen,R,R,NYN,P
2017,brucj001,Bruce,Jay,L,L,NYN,OF
2017,cabra002,Cabrera,Asdrubal,B,R,NYN,SS
2017,callj001,Callahan,Jamie,R,R,NYN,P
2017,ceccg002,Cecchini,Gavin,R,R,NYN,SS
2017,cespy001,Cespedes,Yoenis,R,R,NYN,OF
2017,confm001,Conforto,Michael,L,R,NYN,OF
2017,darnt001,d'Arnaud,Travis,R,R,NYN,C
2017,degrj001,deGrom,Jacob,L,R,NYN,P 
2017,dudal001,Duda,Lucas,L,R,NYN,1B
2017,edgij001,Edgin,Josh,R,L,NYN,P
2017,evanp001,Evans,Phillip,R,R,NYN,3B
2017,famij001,Familia,Jeurys,R,R,NYN,P
2017,flexc001,Flexen,Chris,R,R,NYN,P
2017,florw001,Flores,Wilmer,R,R,NYN,SS
2017,gilms001,Gilmartin,Sean,L,L,NYN,P
2017,goede001,Goeddel,Erik,R,R,NYN,P
2017,granc001,Granderson,Curtis,L,R,NYN,OF
2017,gselr001,Gsellman,Robert,R,R,NYN,P
2017,harvm001,Harvey,Matt,R,R,NYN,P
2017,kellt001,Kelly,Ty,B,R,NYN,2B
2017,lagaj001,Lagares,Juan,R,R,NYN,OF
2017,lugos001,Lugo,Seth,R,R,NYN,P
2017,matzs001,Matz,Steven,R,L,NYN,P
2017,mcgok001,McGowan,Kevin,R,R,NYN,P
2017,milot001,Milone,Tom,L,L,NYN,P
2017,montr004,Montero,Rafael,R,R,NYN,P
2017,nidot001,Nido,Tomas,R,R,NYN,C
2017,nimmb001,Nimmo,Brandon,L,R,NYN,OF
2017,pillt001,Pill,Tyler,L,R,NYN,P
2017,plawk001,Plawecki,Kevin,R,R,NYN,C
2017,ramin001,Ramirez,Neil,R,R,NYN,P
2017,ramoa001,Ramos,A.J.,R,R,NYN,P
2017,reeda001,Reed,Addison,L,R,NYN,P
2017,reyej001,Reyes,Jose,B,R,NYN,SS
2017,reynm003,Reynolds,Matt,R,R,NYN,SS
2017,rhamj001,Rhame,Jacob,R,R,NYN,P
2017,river003,Rivera,Rene,R,R,NYN,C
2017,rivet001,Rivera,T.J.,R,R,NYN,3B
2017,roblh001,Robles,Hansel,R,R,NYN,P
2017,rosaa003,Rosario,Amed,R,R,NYN,SS
2017,salaf001,Salas,Fernando,R,R,NYN,P
2017,sewap001,Sewald,Paul,R,R,NYN,P
2017,smitd008,Smith,Dominic,L,L,NYN,1B
2017,smokj001,Smoker,Josh,L,L,NYN,P
2017,syndn001,Syndergaard,Noah,L,R,NYN,P
2017,taijt001,Taijeron,Travis,R,R,NYN,OF
2017,walkn001,Walker,Neil,B,R,NYN,2B
2017,wheez001,Wheeler,Zack,L,R,NYN,P
2017,wilka001,Wilk,Adam,L,L,NYN,P
2017,alcar001,Alcantara,Raul,R,R,OAK,P
2017,alony001,Alonso,Yonder,L,R,OAK,1B
2017,axfoj001,Axford,John,R,R,OAK,P
2017,barrf001,Barreto,Franklin,R,R,OAK,SS
2017,blacp001,Blackburn,Paul,R,R,OAK,P
2017,bradm002,Brady,Michael,R,R,OAK,P
2017,brugj001,Brugman,Jaycob,L,L,OAK,OF
2017,canhm001,Canha,Mark,R,R,OAK,1B
2017,casts002,Castro,Simon,R,R,OAK,P
2017,chapm001,Chapman,Matt,R,R,OAK,3B
2017,cottj001,Cotton,Jharel,R,R,OAK,P
2017,could001,Coulombe,Daniel,L,L,OAK,P
2017,davik003,Davis,Khris,R,R,OAK,OF
2017,davir003,Davis,Rajai,R,R,OAK,OF
2017,deckj001,Decker,Jaff,L,L,OAK,OF
2017,dools001,Doolittle,Sean,L,L,OAK,P
2017,dullr001,Dull,Ryan,R,R,OAK,P
2017,garcj002,Casilla,Santiago,R,R,OAK,P
2017,garnd001,Garneau,Dustin,R,R,OAK,C
2017,gossd001,Gossett,Daniel,R,R,OAK,P
2017,gravk001,Graveman,Kendall,R,R,OAK,P
2017,grays001,Gray,Sonny,R,R,OAK,P
2017,hahnj001,Hahn,Jesse,R,R,OAK,P
2017,hatcc002,Hatcher,Chris,B,R,OAK,P
2017,healr001,Healy,Ryon,R,R,OAK,3B
2017,hendl001,Hendriks,Liam,R,R,OAK,P
2017,joycm001,Joyce,Matt,L,R,OAK,OF
2017,lamar001,LaMarre,Ryan,R,L,OAK,OF
2017,lavar001,Lavarnway,Ryan,R,R,OAK,C
2017,lowrj001,Lowrie,Jed,B,R,OAK,3B
2017,madsr001,Madson,Ryan,L,R,OAK,P
2017,manas001,Manaea,Sean,L,L,OAK,P
2017,maxwb001,Maxwell,Bruce,L,R,OAK,C
2017,mengd001,Mengden,Daniel,R,R,OAK,P
2017,molls001,Moll,Sam,L,L,OAK,P
2017,montf001,Montas,Frankie,R,R,OAK,P
2017,nealz001,Neal,Zach,R,R,OAK,P
2017,nuner001,Nunez,Renato,R,R,OAK,3B
2017,olsom001,Olson,Matt,L,R,OAK,OF
2017,phegj001,Phegley,Josh,R,R,OAK,C
2017,pindc001,Pinder,Chad,R,R,OAK,SS
2017,plout001,Plouffe,Trevor,R,R,OAK,3B
2017,poweb002,Powell,Boog,L,L,OAK,OF
2017,rosaa001,Rosales,Adam,R,R,OAK,1B
2017,semim001,Semien,Marcus,R,R,OAK,SS
2017,smitc002,Smith,Chris,R,R,OAK,P
2017,smitj004,Smith,Josh,R,R,OAK,P
2017,smolj002,Smolinski,Jake,R,R,OAK,OF
2017,treib001,Treinen,Blake,R,R,OAK,P
2017,triga001,Triggs,Andrew,R,R,OAK,P
2017,valdc003,Valdez,Cesar,R,R,OAK,P
2017,vogts001,Vogt,Stephen,L,R,OAK,C
2017,wahlb001,Wahl,Bobby,R,R,OAK,P
2017,wendj002,Wendle,Joey,L,R,OAK,2B
2017,alfaj002,Alfaro,Jorge,R,R,PHI,C
2017,altha001,Altherr,Aaron,R,R,PHI,OF
2017,alvah001,Alvarez,Henderson,R,R,PHI,P
2017,anded003,Anderson,Drew,R,R,PHI,P
2017,aranv001,Arano,Victor,R,R,PHI,P
2017,beatp001,Beato,Pedro,R,R,PHI,P
2017,benoj001,Benoit,Joaquin,R,R,PHI,P
2017,blana001,Blanco,Andres,B,R,PHI,3B
2017,buchc001,Buchholz,Clay,L,R,PHI,P
2017,crawj002,Crawford,J.P.,L,R,PHI,SS
2017,curtz001,Curtis,Zac,L,L,PHI,P
2017,eickj001,Eickhoff,Jerad,R,R,PHI,P
2017,efliz001,Eflin,Zach,R,R,PHI,P
2017,fienc001,Fien,Casey,R,R,PHI,P
2017,florp001,Florimon,Pedro,B,R,PHI,SS
2017,franm004,Franco,Maikel,R,R,PHI,3B
2017,galvf001,Galvis,Freddy,B,R,PHI,SS
2017,garcl005,Garcia,Luis,R,R,PHI,P 
2017,gomej002,Gomez,Jeanmar,R,R,PHI,P
2017,hellj001,Hellickson,Jeremy,R,R,PHI,P
2017,hernc005,Hernandez,Cesar,B,R,PHI,2B
2017,herro001,Herrera,Odubel,L,R,PHI,OF
2017,hoskr001,Hoskins,Rhys,R,R,PHI,1B
2017,joset001,Joseph,Tommy,R,R,PHI,1B
2017,kellt001,Kelly,Ty,B,R,PHI,2B
2017,kendh001,Kendrick,Howie,R,R,PHI,2B
2017,kim-h001,Kim,Hyun Soo,L,R,PHI,OF
2017,knapa001,Knapp,Andrew,B,R,PHI,C
2017,leitm002,Leiter,Mark,R,R,PHI,P
2017,liveb001,Lively,Ben,R,R,PHI,P
2017,milnh001,Milner,Hoby,L,L,PHI,P
2017,morga001,Morgan,Adam,L,L,PHI,P
2017,navad002,Nava,Daniel,B,L,PHI,OF
2017,nerih001,Neris,Hector,R,R,PHI,P
2017,neshp001,Neshek,Pat,B,R,PHI,P
2017,nicaj001,Nicasio,Juan,R,R,PHI,P
2017,nolaa001,Nola,Aaron,R,R,PHI,P
2017,perkc001,Perkins,Cameron,R,R,PHI,OF
2017,pintr002,Pinto,Ricardo,R,R,PHI,P
2017,piven001,Pivetta,Nick,R,R,PHI,P
2017,ramoe002,Ramos,Edubray,R,R,PHI,P
2017,riosy001,Rios,Yacksel,R,R,PHI,P
2017,rodrj004,Rodriguez,Joely,L,L,PHI,P
2017,ruppc001,Rupp,Cameron,R,R,PHI,C
2017,saunm001,Saunders,Michael,L,R,PHI,OF
2017,siegk001,Siegrist,Kevin,L,L,PHI,P
2017,stasb001,Stassi,Brock,L,L,PHI,1B
2017,therj001,Therrien,Jesen,R,R,PHI,P
2017,thomj007,Thompson,Jake,R,R,PHI,P
2017,velav001,Velasquez,Vincent,R,R,PHI,P
2017,willn001,Williams,Nick,L,L,PHI,OF
2017,barbj001,Barbato,John,R,R,PIT,P
2017,basta001,Bastardo,Antonio,R,L,PIT,P
2017,bellj005,Bell,Josh,B,R,PIT,1B
2017,benoj001,Benoit,Joaquin,R,R,PIT,P
2017,bormj001,Bormann,John,R,R,PIT,C
2017,bostc001,Bostick,Chris,R,R,PIT,2B
2017,braus002,Brault,Steven,L,L,PIT,P
2017,cervf001,Cervelli,Francisco,R,R,PIT,C
2017,coleg001,Cole,Gerrit,R,R,PIT,P
2017,diaze005,Diaz,Elias,R,R,PIT,C
2017,fraza001,Frazier,Adam,L,R,PIT,OF
2017,freed001,Freese,David,R,R,PIT,3B
2017,glast001,Glasnow,Tyler,L,R,PIT,P
2017,gossp001,Gosselin,Phil,R,R,PIT,2B
2017,hansa001,Hanson,Alen,B,R,PIT,SS
2017,harrj002,Harrison,Josh,R,R,PIT,3B
2017,hudsd001,Hudson,Daniel,R,R,PIT,P
2017,jasoj001,Jaso,John,L,R,PIT,1B
2017,kontg001,Kontos,George,R,R,PIT,P
2017,kuhlc001,Kuhl,Chad,R,R,PIT,P
2017,leatj001,Leathersich,Jack,R,L,PIT,P
2017,leblw001,LeBlanc,Wade,L,L,PIT,P
2017,lindj004,Lindblom,Josh,R,R,PIT,P
2017,luplj001,Luplow,Jordan,R,R,PIT,OF
2017,marij001,Marinez,Jhan,R,R,PIT,P
2017,marts002,Marte,Starling,R,R,PIT,OF
2017,mccua001,McCutchen,Andrew,R,R,PIT,OF
2017,mercj002,Mercer,Jordy,R,R,PIT,SS
2017,morom001,Moroff,Max,B,R,PIT,2B
2017,neved001,Neverauskas,Dovydas,R,R,PIT,P
2017,nicaj001,Nicasio,Juan,R,R,PIT,P
2017,ngoeg001,Ngoepe,Gift,R,R,PIT,SS
2017,novai001,Nova,Ivan,R,R,PIT,P
2017,ortid002,Ortiz,Danny,L,L,PIT,OF
2017,osunj001,Osuna,Jose,R,R,PIT,OF
2017,polag001,Polanco,Gregory,L,L,PIT,OF
2017,rivef001,Rivero,Felipe,L,L,PIT,P
2017,rodrs002,Rodriguez,Sean,R,R,PIT,1B
2017,runzd001,Runzler,Dan,L,L,PIT,P
2017,sanca008,Sanchez,Angel,R,R,PIT,P
2017,sante002,Santana,Edgar,R,R,PIT,P
2017,schua001,Schugel,A.J.,R,R,PIT,P
2017,stalj001,Stallings,Jacob,R,R,PIT,C
2017,stewc001,Stewart,Chris,R,R,PIT,C
2017,tailj001,Taillon,Jameson,R,R,PIT,P
2017,watst001,Watson,Tony,L,L,PIT,P
2017,willt002,Williams,Trevor,R,R,PIT,P
2017,asuac001,Asuaje,Carlos,L,R,SDN,2B
2017,aybae001,Aybar,Erick,B,R,SDN,SS
2017,baumb001,Baumann,Buddy,L,L,SDN,P
2017,bethc001,Bethancourt,Christian,R,R,SDN,C
2017,blasj001,Blash,Jabari,R,R,SDN,OF
2017,buchr001,Buchter,Ryan,L,L,SDN,P
2017,cahit001,Cahill,Trevor,R,R,SDN,P
2017,cappc001,Capps,Carter,R,R,SDN,P
2017,chacj001,Chacin,Jhoulys,R,R,SDN,P
2017,coled002,Coleman,Dusty,R,R,SDN,3B
2017,cordf003,Cordero,Franchy,L,R,SDN,OF
2017,corda001,Cordoba,Allen,R,R,SDN,SS
2017,cosaj001,Cosart,Jarred,R,R,SDN,P
2017,darnc001,d'Arnaud,Chase,R,R,SDN,SS
2017,diazm004,Diaz,Miguel,R,R,SDN,P
2017,eschj001,Esch,Jake,R,R,SDN,P
2017,galer002,Gale,Rocky,R,R,SDN,C
2017,handb001,Hand,Brad,L,L,SDN,P
2017,hedga001,Hedges,Austin,R,R,SDN,C
2017,jankt001,Jankowski,Travis,L,R,SDN,OF
2017,lamed001,Lamet,Dinelson,R,R,SDN,P
2017,lee-z001,Lee,Zach,R,R,SDN,P
2017,lloyk001,Lloyd,Kyle,R,R,SDN,P
2017,lylej001,Lyles,Jordan,R,R,SDN,P
2017,margm001,Margot,Manuel,R,R,SDN,OF
2017,matop002,Maton,Phil,R,R,SDN,P
2017,maurb001,Maurer,Brandon,R,R,SDN,P
2017,mazzc001,Mazzoni,Cory,R,R,SDN,P
2017,mcgrk001,McGrath,Kyle,L,L,SDN,P
2017,melvt001,Melville,Tim,R,R,SDN,P
2017,myerw001,Myers,Wil,R,R,SDN,OF
2017,overd001,Overton,Dillon,L,L,SDN,P
2017,perdl002,Perdomo,Luis,R,R,SDN,P
2017,pirej001,Pirela,Jose,R,R,SDN,2B
2017,quack001,Quackenbush,Kevin,R,R,SDN,P
2017,renfh001,Renfroe,Hunter,R,R,SDN,OF
2017,richc002,Richard,Clayton,L,L,SDN,P
2017,ruizj001,Ruiz,Jose,R,R,SDN,P
2017,sanch002,Sanchez,Hector,B,R,SDN,C
2017,sardl001,Sardinas,Luis,B,R,SDN,2B
2017,schir001,Schimpf,Ryan,L,R,SDN,3B
2017,solay001,Solarte,Yangervis,B,R,SDN,3B
2017,spanc001,Spangenberg,Cory,L,R,SDN,2B
2017,stamc001,Stammen,Craig,R,R,SDN,P 
2017,szczm001,Szczur,Matt,R,R,SDN,OF
2017,torrl001,Torrens,Luis,R,R,SDN,C
2017,torrj001,Torres,Jose,L,L,SDN,P
2017,valdj003,Valdez,Jose,R,R,SDN,P
2017,villc002,Villanueva,Christian,R,R,SDN,3B
2017,weavj003,Weaver,Jered,R,R,SDN,P
2017,woodt004,Wood,Travis,R,L,SDN,P
2017,yatek001,Yates,Kirby,L,R,SDN,P
2017,albea001,Albers,Andrew,R,L,SEA,P
2017,alony001,Alonso,Yonder,L,R,SEA,1B
2017,altad001,Altavilla,Dan,R,R,SEA,P
2017,beckg001,Beckham,Gordon,R,R,SEA,3B
2017,bergc001,Bergman,Christian,R,R,SEA,P
2017,canor001,Cano,Robinson,L,R,SEA,2B
2017,cishs001,Cishek,Steve,R,R,SEA,P
2017,cloyt001,Cloyd,Tyler,R,R,SEA,P
2017,cruzn002,Cruz,Nelson,R,R,SEA,OF
2017,curtz001,Curtis,Zac,L,L,SEA,P
2017,dejoc001,De Jong,Chase,L,R,SEA,P
2017,diaze006,Diaz,Edwin,R,R,SEA,P
2017,dysoj001,Dyson,Jarrod,L,R,SEA,OF
2017,espid001,Espinosa,Danny,B,R,SEA,2B
2017,fienc001,Fien,Casey,R,R,SEA,P
2017,freem002,Freeman,Mike,L,R,SEA,1B
2017,gally001,Gallardo,Yovani,R,R,SEA,P
2017,gameb001,Gamel,Ben,L,L,SEA,OF
2017,gartr001,Garton,Ryan,R,R,SEA,P
2017,gavis001,Gaviglio,Sam,R,R,SEA,P
2017,gonzm005,Gonzales,Marco,L,L,SEA,P
2017,goset001,Gosewisch,Tuffy,R,R,SEA,C
2017,hanim001,Haniger,Mitch,R,R,SEA,OF
2017,hannj002,Hannemann,Jacob,L,L,SEA,OF
2017,hereg002,Heredia,Guillermo,R,L,SEA,OF
2017,hernf002,Hernandez,Felix,R,R,SEA,P
2017,hestc001,Heston,Chris,R,R,SEA,P
2017,iwakh001,Iwakuma,Hisashi,R,R,SEA,P
2017,lawrc001,Lawrence,Casey,R,R,SEA,P
2017,leakm001,Leake,Mike,R,R,SEA,P
2017,machj002,Machi,Jean,R,R,SEA,P
2017,marjm001,Marjama,Mike,R,R,SEA,C
2017,marse001,Marshall,Evan,R,R,SEA,P
2017,martc008,Martin,Cody,R,R,SEA,P
2017,martl004,Martin,Leonys,L,R,SEA,OF
2017,miraa002,Miranda,Ariel,L,L,SEA,P
2017,moora002,Moore,Andrew,R,R,SEA,P
2017,mottt001,Motter,Taylor,R,R,SEA,OF
2017,overd001,Overton,Dillon,L,L,SEA,P
2017,pagae001,Pagan,Emilio,L,R,SEA,P
2017,paxtj001,Paxton,James,L,L,SEA,P
2017,pheld001,Phelps,David,R,R,SEA,P
2017,povsm001,Povse,Max,R,R,SEA,P
2017,poweb002,Powell,Boog,L,L,SEA,OF
2017,pazoj001,Pazos,James,R,L,SEA,P
2017,ramie004,Ramirez,Erasmo,R,R,SEA,P
2017,ruizc001,Ruiz,Carlos,R,R,SEA,C
2017,rzepm001,Rzepczynski,Marc,L,L,SEA,P
2017,scrie001,Scribner,Evan,R,R,SEA,P
2017,seagk001,Seager,Kyle,L,R,SEA,3B
2017,seguj002,Segura,Jean,R,R,SEA,SS
2017,simms001,Simmons,Shae,R,R,SEA,P
2017,smitt002,Smith,Tyler,R,R,SEA,2B
2017,valed001,Valencia,Danny,R,R,SEA,3B
2017,vieit001,Vieira,Thyago,R,R,SEA,P
2017,vincn001,Vincent,Nick,R,R,SEA,P
2017,voged001,Vogelbach,Daniel,L,R,SEA,1B
2017,weber001,Weber,Ryan,R,R,SEA,P
2017,whalr001,Whalen,Rob,R,R,SEA,P
2017,zunim001,Zunino,Mike,R,R,SEA,C
2017,zycht001,Zych,Tony,R,R,SEA,P
2017,arroc001,Arroyo,Christian,R,R,SFN,3B
2017,beltb001,Belt,Brandon,L,L,SFN,1B
2017,blact002,Blach,Ty,R,L,SFN,P
2017,bumgm001,Bumgarner,Madison,R,L,SFN,P
2017,cainm001,Cain,Matt,R,R,SFN,P 
2017,calio001,Calixte,Orlando,R,R,SFN,SS
2017,crawb001,Crawford,Brandon,L,R,SFN,SS
2017,crick001,Crick,Kyle,L,R,SFN,P
2017,cuetj001,Cueto,Johnny,R,R,SFN,P
2017,dysos001,Dyson,Sam,R,R,SFN,P
2017,fedet001,Federowicz,Tim,R,R,SFN,C
2017,gearc001,Gearrin,Cory,R,R,SFN,P
2017,gillc001,Gillaspie,Conor,L,R,SFN,1B
2017,gomem002,Gomez,Miguel,B,R,SFN,3B
2017,gomer002,Gomez,Roberto,B,R,SFN,P
2017,herng001,Hernandez,Gorkys,R,R,SFN,OF
2017,hilla001,Hill,Aaron,R,R,SFN,2B
2017,hundn001,Hundley,Nick,R,R,SFN,C
2017,hwanj001,Hwang,Jae-Gyun,R,R,SFN,3B
2017,joner005,Jones,Ryder,L,R,SFN,3B
2017,kontg001,Kontos,George,R,R,SFN,P
2017,law-d001,Law,Derek,R,R,SFN,P
2017,marrc001,Marrero,Chris,R,R,SFN,1B
2017,melam001,Melancon,Mark,R,R,SFN,P
2017,moncc001,Moncrief,Carlos,L,R,SFN,OF
2017,moorm003,Moore,Matt,L,L,SFN,P
2017,moror001,Moronta,Reyes,R,R,SFN,P
2017,morrb002,Morris,Bryan,L,R,SFN,P
2017,morsm001,Morse,Michael,R,R,SFN,1B
2017,nunee002,Nunez,Eduardo,R,R,SFN,SS
2017,okers001,Okert,Steven,L,L,SFN,P
2017,osicj001,Osich,Josh,L,L,SFN,P
2017,panij002,Panik,Joe,L,R,SFN,2B
2017,parkj002,Parker,Jarrett,L,L,SFN,OF
2017,pench001,Pence,Hunter,R,R,SFN,OF
2017,poseb001,Posey,Buster,R,R,SFN,C
2017,ramin001,Ramirez,Neil,R,R,SFN,P
2017,ruggj001,Ruggiano,Justin,R,R,SFN,OF
2017,samaj001,Samardzija,Jeff,R,R,SFN,P
2017,sandp001,Sandoval,Pablo,B,R,SFN,3B
2017,sland001,Slania,Dan,R,R,SFN,P
2017,slata001,Slater,Austin,R,R,SFN,OF
2017,spand001,Span,Denard,L,L,SFN,OF
2017,strac001,Stratton,Chris,R,R,SFN,P
2017,strih001,Strickland,Hunter,R,R,SFN,P
2017,stubd001,Stubbs,Drew,R,R,SFN,OF
2017,suara001,Suarez,Albert,R,R,SFN,P
2017,tomlk001,Tomlinson,Kelby,R,R,SFN,2B
2017,willm008,Williamson,Mac,R,R,SFN,OF
2017,adamm002,Adams,Matt,L,R,SLN,1B
2017,alcas001,Alcantara,Sandy,R,R,SLN,P
2017,badeh001,Bader,Harrison,R,R,SLN,OF
2017,bowmm001,Bowman,Matt,R,R,SLN,P
2017,brebj001,Brebbia,John,L,R,SLN,P
2017,broxj001,Broxton,Jonathan,R,R,SLN,P
2017,carpm002,Carpenter,Matt,L,R,SLN,3B
2017,cecib001,Cecil,Brett,R,L,SLN,P 
2017,dejop001,DeJong,Paul,R,R,SLN,3B
2017,diaza003,Diaz,Aledmys,R,R,SLN,SS
2017,dukez001,Duke,Zach,L,L,SLN,P
2017,flahj002,Flaherty,Jack,R,R,SLN,P
2017,fowld001,Fowler,Dexter,B,R,SLN,OF
2017,fryee001,Fryer,Eric,R,R,SLN,C
2017,gantj002,Gant,John,R,R,SLN,P
2017,garcg002,Garcia,Greg,L,R,SLN,SS
2017,gonzm005,Gonzales,Marco,L,L,SLN,P
2017,gricr001,Grichuk,Randal,R,R,SLN,OF
2017,gyorj001,Gyorko,Jedd,R,R,SLN,2B
2017,huffc001,Huffman,Chad,R,R,SLN,OF
2017,kellc002,Kelly,Carson,R,R,SLN,C
2017,leakm001,Leake,Mike,R,R,SLN,P
2017,lucaj001,Lucas,Josh,R,R,SLN,P
2017,lynnl001,Lynn,Lance,R,R,SLN,P
2017,lyont001,Lyons,Tyler,B,L,SLN,P
2017,martc006,Martinez,Carlos,R,R,SLN,P
2017,martj008,Martinez,Jose,R,R,SLN,OF
2017,mayem001,Mayers,Mike,R,R,SLN,P
2017,mejia002,Mejia,Alex,R,R,SLN,SS
2017,moliy001,Molina,Yadier,R,R,SLN,C
2017,nicaj001,Nicasio,Juan,R,R,SLN,P
2017,oh--s001,Oh,Seung Hwan,R,R,SLN,P
2017,peraj001,Peralta,Jhonny,R,R,SLN,SS
2017,phamt001,Pham,Tommy,R,R,SLN,OF
2017,piscs001,Piscotty,Stephen,R,R,SLN,OF
2017,rosaa002,Rosario,Alberto,R,R,SLN,C
2017,roset001,Rosenthal,Trevor,R,R,SLN,P
2017,sherr001,Sherriff,Ryan,L,L,SLN,P
2017,siegk001,Siegrist,Kevin,L,L,SLN,P
2017,sierm002,Sierra,Magneuris,L,L,SLN,OF
2017,socom001,Socolovich,Miguel,R,R,SLN,P
2017,tuivs001,Tuivailala,Sam,R,R,SLN,P
2017,valeb001,Valera,Breyvic,B,R,SLN,2B
2017,voitl001,Voit,Luke,R,R,SLN,1B
2017,wachm001,Wacha,Michael,R,R,SLN,P
2017,waina001,Wainwright,Adam,R,R,SLN,P 
2017,weavl001,Weaver,Luke,R,R,SLN,P
2017,wongk001,Wong,Kolten,L,R,SLN,2B
2017,alvaj004,Alvarado,Jose,L,L,TBA,P
2017,andrm001,Andriese,Matt,R,R,TBA,P
2017,archc001,Archer,Chris,R,R,TBA,P
2017,beckt001,Beckham,Tim,R,R,TBA,2B
2017,bourp001,Bourjos,Peter,R,R,TBA,OF
2017,boxbb001,Boxberger,Brad,R,R,TBA,P
2017,casac001,Casali,Curt,R,R,TBA,C
2017,cedex001,Cedeno,Xavier,L,L,TBA,P
2017,cishs001,Cishek,Steve,R,R,TBA,P
2017,cobba001,Cobb,Alex,R,R,TBA,P
2017,coloa001,Colome,Alex,R,R,TBA,P
2017,delej003,De Leon,Jose,R,R,TBA,P
2017,diazj005,Diaz,Jumbo,R,R,TBA,P
2017,dickc002,Dickerson,Corey,L,R,TBA,OF
2017,dudal001,Duda,Lucas,L,R,TBA,1B
2017,espid001,Espinosa,Danny,B,R,TBA,2B
2017,farij001,Faria,Jacob,R,R,TBA,P
2017,farqd001,Farquhar,Danny,R,R,TBA,P
2017,featt001,Featherston,Taylor,R,R,TBA,3B
2017,gartr001,Garton,Ryan,R,R,TBA,P
2017,hecha001,Hechavarria,Adeiny,R,R,TBA,SS
2017,hu--c002,Hu,Chih-Wei,R,R,TBA,P
2017,huntt002,Hunter,Tommy,R,R,TBA,P
2017,jennd003,Jennings,Dan,L,L,TBA,P
2017,kierk001,Kiermaier,Kevin,L,R,TBA,OF
2017,kitta001,Kittredge,Andrew,R,R,TBA,P
2017,kolaa001,Kolarek,Adam,L,L,TBA,P
2017,longe001,Longoria,Evan,R,R,TBA,3B
2017,markj001,Marks,Justin,L,L,TBA,P
2017,martm003,Martinez,Michael,B,R,TBA,2B
2017,millb002,Miller,Brad,L,R,TBA,SS
2017,mored001,Moreno,Diego,R,R,TBA,P
2017,morrl001,Morrison,Logan,L,L,TBA,1B
2017,norrd001,Norris,Derek,R,R,TBA,C
2017,odorj001,Odorizzi,Jake,R,R,TBA,P
2017,petes002,Peterson,Shane,L,L,TBA,OF
2017,plout001,Plouffe,Trevor,R,R,TBA,3B
2017,pruia001,Pruitt,Austin,R,R,TBA,P
2017,puelc001,Puello,Cesar,R,R,TBA,OF
2017,ramie004,Ramirez,Erasmo,R,R,TBA,P
2017,ramow001,Ramos,Wilson,R,R,TBA,C
2017,rasmc001,Rasmus,Colby,L,L,TBA,OF
2017,robed004,Robertson,Daniel,R,R,TBA,SS
2017,roe-c001,Roe,Chaz,R,R,TBA,P
2017,romos001,Romo,Sergio,R,R,TBA,P
2017,smitm007,Smith,Mallex,L,R,TBA,OF
2017,snelb001,Snell,Blake,L,L,TBA,P
2017,souzs001,Souza,Steven,R,R,TBA,OF
2017,stanr002,Stanek,Ryne,R,R,TBA,P
2017,sucrj001,Sucre,Jesus,R,R,TBA,C
2017,weekr001,Weeks,Rickie,R,R,TBA,2B
2017,whitc001,Whitley,Chase,R,R,TBA,P
2017,woodh001,Wood,Hunter,R,R,TBA,P
2017,alvad001,Alvarez,Dario,L,L,TEX,P
2017,andre001,Andrus,Elvis,R,R,TEX,SS
2017,barnt002,Barnette,Tony,R,R,TEX,P
2017,bassa001,Bass,Anthony,R,R,TEX,P
2017,belta001,Beltre,Adrian,R,R,TEX,3B
2017,bibea001,Bibens-Dirkx,Austin,R,R,TEX,P
2017,bushm001,Bush,Matt,R,R,TEX,P
2017,calhw001,Calhoun,Willie,L,R,TEX,OF
2017,casha001,Cashner,Andrew,R,R,TEX,P
2017,chirr001,Chirinos,Robinson,R,R,TEX,C
2017,choos001,Choo,Shin-Soo,L,L,TEX,OF
2017,claip001,Claiborne,Preston,R,R,TEX,P
2017,claua001,Claudio,Alex,L,L,TEX,P
2017,darvy001,Darvish,Yu,R,R,TEX,P
2017,deshd002,DeShields,Delino,R,R,TEX,OF
2017,diekj001,Diekman,Jake,L,L,TEX,P
2017,dysos001,Dyson,Sam,R,R,TEX,P
2017,espip001,Espino,Paolo,R,R,TEX,P
2017,friee001,Frieri,Ernesto,R,R,TEX,P
2017,gallj002,Gallo,Joey,L,R,TEX,OF
2017,gardn001,Gardewine,Nick,R,R,TEX,P
2017,gee-d001,Gee,Dillon,R,R,TEX,P
2017,gomec002,Gomez,Carlos,R,R,TEX,OF
2017,gonzm003,Gonzalez,Miguel,R,R,TEX,P
2017,gossp001,Gosselin,Phil,R,R,TEX,2B
2017,grifa002,Griffin,A.J.,R,R,TEX,P
2017,grilj001,Grilli,Jason,R,R,TEX,P
2017,hamec001,Hamels,Cole,L,L,TEX,P
2017,hausm001,Hauschild,Mike,R,R,TEX,P
2017,hoyij001,Hoying,Jared,L,R,TEX,OF
2017,jeffj001,Jeffress,Jeremy,R,R,TEX,P
2017,jimea001,Jimenez,A.J.,R,R,TEX,C
2017,kelak001,Kela,Keone,R,R,TEX,P
2017,kozmp001,Kozma,Pete,R,R,TEX,SS
2017,leclj001,Leclerc,Jose,R,R,TEX,P
2017,lucrj001,Lucroy,Jonathan,R,R,TEX,C
2017,marij001,Marinez,Jhan,R,R,TEX,P
2017,martn002,Martinez,Nick,L,R,TEX,P
2017,mazan001,Mazara,Nomar,L,L,TEX,OF
2017,mendy001,Mendez,Yohander,L,L,TEX,P
2017,middw001,Middlebrooks,Will,R,R,TEX,3B
2017,napom001,Napoli,Mike,R,R,TEX,1B
2017,nichb001,Nicholas,Brett,L,R,TEX,C
2017,odorr001,Odor,Rougned,L,R,TEX,2B
2017,perem004,Perez,Martin,L,L,TEX,P
2017,profj001,Profar,Jurickson,B,R,TEX,2B
2017,robid003,Robinson,Drew,L,R,TEX,3B
2017,rodrr007,Rodriguez,Ricardo,R,R,TEX,P
2017,rosst001,Ross,Tyson,R,R,TEX,P
2017,rua-r001,Rua,Ryan,R,R,TEX,OF
2017,schet001,Scheppers,Tanner,R,R,TEX,P
2017,alfoa002,Alford,Anthony,R,R,TOR,OF
2017,andeb004,Anderson,Brett,L,L,TOR,P
2017,aokin001,Aoki,Nori,L,R,TOR,OF
2017,barnd002,Barnes,Danny,L,R,TOR,P
2017,barnd001,Barney,Darwin,R,R,TOR,2B
2017,bautj002,Bautista,Jose,R,R,TOR,OF
2017,belij001,Beliveau,Jeff,L,L,TOR,P
2017,biagj001,Biagini,Joe,R,R,TOR,P
2017,bolsm001,Bolsinger,Mike,R,R,TOR,P 
2017,campl001,Campos,Leonel,R,R,TOR,P
2017,carre001,Carrera,Ezequiel,L,L,TOR,OF
2017,cecid001,Ceciliani,Darrell,L,L,TOR,OF
2017,coghc001,Coghlan,Chris,L,R,TOR,OF
2017,colet001,Cole,Taylor,R,R,TOR,P
2017,dermm001,Dermody,Matt,R,L,TOR,P
2017,donaj001,Donaldson,Josh,R,R,TOR,3B
2017,estrm001,Estrada,Marco,R,R,TOR,P 
2017,goinr001,Goins,Ryan,L,R,TOR,2B
2017,grilj001,Grilli,Jason,R,R,TOR,P
2017,happj001,Happ,J.A.,L,L,TOR,P
2017,harrl002,Harrell,Lucas,B,R,TOR,P
2017,hernt002,Hernandez,Teoscar,R,R,TOR,OF
2017,houst002,House,TJ,R,L,TOR,P
2017,howej003,Howell,J.P.,L,L,TOR,P
2017,koeht001,Koehler,Tom,R,R,TOR,P
2017,latom001,Latos,Mat,R,R,TOR,P
2017,leond003,Leone,Dominic,R,R,TOR,P
2017,lawrc001,Lawrence,Casey,R,R,TOR,P
2017,lirif001,Liriano,Francisco,L,L,TOR,P
2017,loper002,Lopez,Rafael,L,R,TOR,C
2017,loupa001,Loup,Aaron,L,L,TOR,P
2017,maill001,Maile,Luke,R,R,TOR,C
2017,martr004,Martin,Russell,R,R,TOR,C
2017,mayzt001,Mayza,Tim,L,L,TOR,P
2017,montm001,Montero,Miguel,L,R,TOR,C
2017,morak001,Morales,Kendrys,B,R,TOR,DH
2017,ohlmm001,Ohlman,Mike,R,R,TOR,C
2017,osunr001,Osuna,Roberto,R,R,TOR,P
2017,parmi001,Parmley,Ian,L,L,TOR,OF
2017,pears001,Pearce,Steve,R,R,TOR,OF
2017,pillk001,Pillar,Kevin,R,R,TOR,OF
2017,ramic001,Ramirez,Carlos,R,R,TOR,P
2017,refsr001,Refsnyder,Rob,R,R,TOR,2B
2017,rowlc001,Rowley,Chris,R,R,TOR,P
2017,saltj001,Saltalamacchia,Jarrod,B,R,TOR,C
2017,sanca006,Sanchez,Aaron,R,R,TOR,P
2017,santl001,Santos,Luis,R,R,TOR,P
2017,saunm001,Saunders,Michael,L,R,TOR,OF
2017,smitc005,Smith,Chris,R,R,TOR,P
2017,smitd007,Smith,Dwight,L,R,TOR,OF
2017,smitj002,Smith,Joe,R,R,TOR,P
2017,smoaj001,Smoak,Justin,B,L,TOR,1B
2017,sparg001,Sparkman,Glenn,B,R,TOR,P
2017,strom001,Stroman,Marcus,R,R,TOR,P
2017,teper001,Tepera,Ryan,R,R,TOR,P 
2017,tepen001,Tepesch,Nick,R,R,TOR,P
2017,travd001,Travis,Devon,R,R,TOR,2B
2017,tulot001,Tulowitzki,Troy,R,R,TOR,SS
2017,urenr001,Urena,Richard,B,R,TOR,SS
2017,valdc003,Valdez,Cesar,R,R,TOR,P
2017,adama002,Adams,Austin,R,R,WAS,P
2017,albem001,Albers,Matt,L,R,WAS,P
2017,bautr001,Bautista,Rafael,R,R,WAS,OF
2017,blanj001,Blanton,Joe,R,R,WAS,P
2017,colea002,Cole,A.J.,R,R,WAS,P
2017,deaza001,de Aza,Alejandro,L,L,WAS,OF
2017,difow001,Difo,Wilmer,B,R,WAS,2B
2017,dools001,Doolittle,Sean,L,L,WAS,P
2017,drews001,Drew,Stephen,L,R,WAS,2B
2017,eatoa002,Eaton,Adam,L,L,WAS,OF
2017,fedde001,Fedde,Erick,R,R,WAS,P
2017,glovk001,Glover,Koda,R,R,WAS,P
2017,gonzg003,Gonzalez,Gio,R,L,WAS,P
2017,goodb001,Goodwin,Brian,L,R,WAS,OF
2017,gottt001,Gott,Trevor,R,R,WAS,P
2017,gracm003,Grace,Matt,L,L,WAS,P
2017,greeg002,Green,Grant,R,R,WAS,2B
2017,guthj001,Guthrie,Jeremy,R,R,WAS,P
2017,harpb003,Harper,Bryce,L,R,WAS,OF
2017,heisc001,Heisey,Chris,R,R,WAS,OF
2017,jacke001,Jackson,Edwin,R,R,WAS,P
2017,kells001,Kelley,Shawn,R,R,WAS,P
2017,kendh001,Kendrick,Howie,R,R,WAS,OF
2017,kintb001,Kintzler,Brandon,R,R,WAS,P
2017,linda001,Lind,Adam,L,L,WAS,1B
2017,lobaj001,Lobaton,Jose,B,R,WAS,C
2017,madsr001,Madson,Ryan,L,R,WAS,P
2017,murpd006,Murphy,Daniel,L,R,WAS,2B
2017,pereo002,Perez,Oliver,L,L,WAS,P
2017,rabur001,Raburn,Ryan,R,R,WAS,2B
2017,readr002,Read,Raudy,R,R,WAS,C
2017,renda001,Rendon,Anthony,R,R,WAS,2B
2017,roart001,Roark,Tanner,R,R,WAS,P 
2017,roblv001,Robles,Victor,R,R,WAS,OF
2017,romee002,Romero,Enny,R,L,WAS,P
2017,rossj002,Ross,Joe,R,R,WAS,P
2017,sanca007,Sanchez,Adrian,R,R,WAS,2B
2017,schem001,Scherzer,Max,R,R,WAS,P
2017,sevep001,Severino,Pedro,R,R,WAS,C
2017,solis001,Solis,Sammy,R,L,WAS,P
2017,steva001,Stevenson,Andrew,L,L,WAS,OF
2017,stras001,Strasburg,Stephen,R,R,WAS,P
2017,taylm002,Taylor,Michael,R,R,WAS,OF
2017,treib001,Treinen,Blake,R,R,WAS,P
2017,turnj002,Turner,Jacob,R,R,WAS,P
2017,turnt001,Turner,Trea,R,R,WAS,SS
2017,wertj001,Werth,Jayson,R,R,WAS,OF
2017,wietm001,Wieters,Matt,B,R,WAS,C
2017,zimmr001,Zimmerman,Ryan,R,R,WAS,1B
